{"id": 2, "position": [692957.39, 5339053.49, 0.0], "theta": 1.1659045405098132, "length": 4, "width": 2, "height": 1, "speed": 4.0, "tracking_time": 1.0, "type": "VEHICLE", "trace": [[692957.39, 5339053.49, 0.0], [692957.8294977583, 5339053.251584983, 0.0], [692958.2689955166, 5339053.013169966, 0.0], [692958.708493275, 5339052.774754949, 0.0], [692959.1479910333, 5339052.536339931, 0.0], [692959.5874887916, 5339052.297924914, 0.0], [692960.0269865498, 5339052.059509897, 0.0], [692960.4664843081, 5339051.82109488, 0.0], [692960.9059820665, 5339051.582679862, 0.0], [692961.3454798248, 5339051.344264845, 0.0], [692961.7849775831, 5339051.105849828, 0.0], [692962.2244753414, 5339050.867434811, 0.0], [692962.6639730997, 5339050.629019793, 0.0], [692963.1034708581, 5339050.390604776, 0.0], [692963.5429686164, 5339050.152189759, 0.0], [692963.9824663746, 5339049.913774742, 0.0], [692964.4219641329, 5339049.675359724, 0.0], [692964.8614618912, 5339049.436944707, 0.0], [692965.3009596496, 5339049.19852969, 0.0], [692965.7404574079, 5339048.960114673, 0.0], [692966.1799551662, 5339048.721699656, 0.0], [692966.6194529245, 5339048.483284638, 0.0], [692967.0589506828, 5339048.2448696215, 0.0], [692967.4984484412, 5339048.006454604, 0.0], [692967.9379461994, 5339047.768039587, 0.0], [692968.3774439577, 5339047.529624569, 0.0], [692968.816941716, 5339047.291209552, 0.0], [692969.2564394743, 5339047.052794535, 0.0], [692969.6959372327, 5339046.814379518, 0.0], [692970.135434991, 5339046.5759645, 0.0], [692970.5749327493, 5339046.337549483, 0.0], [692971.0144305076, 5339046.099134466, 0.0], [692971.4539282658, 5339045.860719449, 0.0], [692971.8934260242, 5339045.622304431, 0.0], [692972.3329237825, 5339045.383889414, 0.0], [692972.7724215408, 5339045.145474397, 0.0], [692973.2119192991, 5339044.90705938, 0.0], [692973.6514170574, 5339044.668644363, 0.0], [692974.0909148158, 5339044.430229345, 0.0], [692974.5304125741, 5339044.191814329, 0.0], [692974.9699103324, 5339043.953399311, 0.0], [692975.4094080906, 5339043.714984294, 0.0], [692975.8489058489, 5339043.476569276, 0.0], [692976.2884036073, 5339043.2381542595, 0.0], [692976.7279013656, 5339042.999739242, 0.0], [692977.1673991239, 5339042.761324225, 0.0], [692977.6068968822, 5339042.522909207, 0.0], [692978.0463946405, 5339042.2844941905, 0.0], [692978.4858923989, 5339042.046079173, 0.0], [692978.9253901572, 5339041.807664156, 0.0], [692979.3648879154, 5339041.569249138, 0.0], [692979.8043856737, 5339041.330834121, 0.0], [692980.243883432, 5339041.092419104, 0.0], [692980.6833811904, 5339040.854004087, 0.0], [692981.1228789487, 5339040.615589069, 0.0], [692981.562376707, 5339040.377174052, 0.0], [692982.0018744653, 5339040.138759036, 0.0], [692982.4413722235, 5339039.900344018, 0.0], [692982.8808699818, 5339039.661929001, 0.0], [692983.3203677402, 5339039.423513983, 0.0], [692983.7598654985, 5339039.185098967, 0.0], [692984.1993632568, 5339038.946683949, 0.0], [692984.6388610151, 5339038.708268932, 0.0], [692985.0783587734, 5339038.469853914, 0.0], [692985.5178565318, 5339038.231438898, 0.0], [692985.9573542901, 5339037.99302388, 0.0], [692986.3968520483, 5339037.754608863, 0.0], [692986.8363498066, 5339037.516193845, 0.0], [692987.2758475649, 5339037.2777788285, 0.0], [692987.7153453233, 5339037.039363811, 0.0], [692988.1548430816, 5339036.800948794, 0.0], [692988.5943408399, 5339036.562533776, 0.0], [692989.0338385982, 5339036.3241187595, 0.0], [692989.4733363565, 5339036.085703743, 0.0], [692989.9128341149, 5339035.847288725, 0.0], [692990.3523318731, 5339035.608873708, 0.0], [692990.7918296314, 5339035.37045869, 0.0], [692991.2313273897, 5339035.132043674, 0.0], [692991.670825148, 5339034.893628656, 0.0], [692992.1103229064, 5339034.655213639, 0.0], [692992.5498206647, 5339034.416798621, 0.0], [692992.989318423, 5339034.178383605, 0.0], [692993.4288161813, 5339033.939968587, 0.0], [692993.8683139395, 5339033.70155357, 0.0], [692994.307811698, 5339033.463138552, 0.0], [692994.7473094562, 5339033.224723536, 0.0], [692995.1868072145, 5339032.986308518, 0.0], [692995.6263049728, 5339032.747893501, 0.0], [692996.0658027311, 5339032.509478483, 0.0], [692996.5053004895, 5339032.271063467, 0.0], [692996.9447982478, 5339032.032648449, 0.0], [692997.384296006, 5339031.794233432, 0.0], [692997.8237937643, 5339031.555818415, 0.0], [692998.2632915226, 5339031.3174033975, 0.0], [692998.702789281, 5339031.078988381, 0.0], [692999.1422870393, 5339030.840573363, 0.0], [692999.5817847976, 5339030.602158346, 0.0], [693000.0212825559, 5339030.3637433285, 0.0], [693000.4607803142, 5339030.125328312, 0.0], [693000.9002780726, 5339029.886913294, 0.0], [693001.3397758309, 5339029.648498277, 0.0], [693001.7792735891, 5339029.410083259, 0.0], [693002.2187713474, 5339029.171668243, 0.0], [693002.6582691057, 5339028.933253225, 0.0], [693003.0977668641, 5339028.694838208, 0.0], [693003.5372646224, 5339028.45642319, 0.0], [693003.9767623807, 5339028.218008174, 0.0], [693004.416260139, 5339027.979593156, 0.0], [693004.8557578973, 5339027.741178139, 0.0], [693005.2952556557, 5339027.502763122, 0.0], [693005.7347534139, 5339027.264348105, 0.0], [693006.1742511722, 5339027.025933088, 0.0], [693006.6137489305, 5339026.78751807, 0.0], [693007.0532466888, 5339026.549103053, 0.0], [693007.4927444472, 5339026.310688036, 0.0], [693007.9322422055, 5339026.072273019, 0.0], [693008.3717399638, 5339025.833858001, 0.0], [693008.811237722, 5339025.595442984, 0.0], [693009.2507354803, 5339025.3570279665, 0.0], [693009.6902332387, 5339025.11861295, 0.0], [693010.129730997, 5339024.880197932, 0.0], [693010.5692287553, 5339024.641782915, 0.0], [693011.0087265136, 5339024.4033678975, 0.0], [693011.4482242719, 5339024.164952881, 0.0], [693011.8877220303, 5339023.926537863, 0.0], [693012.3272197886, 5339023.688122846, 0.0], [693012.7667175469, 5339023.449707828, 0.0], [693013.2062153051, 5339023.211292812, 0.0], [693013.6457130634, 5339022.972877795, 0.0], [693014.0852108218, 5339022.734462777, 0.0], [693014.5247085801, 5339022.49604776, 0.0], [693014.9642063384, 5339022.257632743, 0.0], [693015.4037040967, 5339022.019217726, 0.0], [693015.843201855, 5339021.780802708, 0.0], [693016.2826996134, 5339021.542387691, 0.0], [693016.7221973717, 5339021.303972674, 0.0], [693017.1616951299, 5339021.065557657, 0.0], [693017.6011928882, 5339020.827142639, 0.0], [693018.0406906465, 5339020.588727622, 0.0], [693018.4801884049, 5339020.350312605, 0.0], [693018.9196861632, 5339020.111897588, 0.0], [693019.3591839215, 5339019.87348257, 0.0], [693019.7986816798, 5339019.635067553, 0.0], [693020.238179438, 5339019.396652536, 0.0], [693020.6776771965, 5339019.158237519, 0.0], [693021.1171749547, 5339018.919822502, 0.0], [693021.556672713, 5339018.681407484, 0.0], [693021.9961704713, 5339018.442992467, 0.0], [693022.4356682296, 5339018.20457745, 0.0], [693022.875165988, 5339017.966162433, 0.0], [693023.3146637463, 5339017.727747415, 0.0], [693023.7541615046, 5339017.489332398, 0.0], [693024.1936592628, 5339017.250917381, 0.0], [693024.6331570211, 5339017.012502364, 0.0], [693025.0726547795, 5339016.774087346, 0.0], [693025.5121525378, 5339016.535672329, 0.0], [693025.9516502961, 5339016.297257312, 0.0], [693026.3911480544, 5339016.058842295, 0.0], [693026.8306458127, 5339015.820427277, 0.0], [693027.2701435711, 5339015.58201226, 0.0], [693027.7096413294, 5339015.343597243, 0.0], [693028.1491390876, 5339015.105182226, 0.0], [693028.5886368459, 5339014.866767208, 0.0], [693029.0281346042, 5339014.628352191, 0.0], [693029.4676323626, 5339014.3899371745, 0.0], [693029.9071301209, 5339014.151522157, 0.0], [693030.3466278792, 5339013.91310714, 0.0], [693030.7861256375, 5339013.674692122, 0.0], [693031.2256233958, 5339013.4362771055, 0.0], [693031.665121154, 5339013.197862088, 0.0], [693032.1046189124, 5339012.959447071, 0.0], [693032.5441166707, 5339012.721032053, 0.0], [693032.983614429, 5339012.482617036, 0.0], [693033.4231121873, 5339012.244202019, 0.0], [693033.8626099456, 